{
  "CRAN": {
<<<<<<< HEAD
    "best_val": 0.802572508653005,
    "n_epochs": 26,
    "time_min": 2.2001572887102765,
    "per_horizon": {
      "t+6h_km": 43.23812484741211,
      "t+12h_km": 52.571807861328125,
      "t+24h_km": 67.30624389648438,
      "t+48h_km": 90.0719223022461,
      "t+72h_km": 114.4715576171875
    }
  },
  "ST-MSRN": {
    "best_val": 0.7592594822247823,
    "n_epochs": 27,
    "time_min": 1.1550295233726502,
    "per_horizon": {
      "t+6h_km": 34.9693717956543,
      "t+12h_km": 47.462703704833984,
      "t+24h_km": 64.15276336669922,
      "t+48h_km": 89.71578979492188,
      "t+72h_km": 112.0351791381836
    }
  },
  "DMLA-Net": {
    "best_val": 0.7697851459185282,
    "n_epochs": 27,
    "time_min": 1.0768198808034262,
    "per_horizon": {
      "t+6h_km": 36.12125015258789,
      "t+12h_km": 47.7742805480957,
      "t+24h_km": 63.857208251953125,
      "t+48h_km": 89.2845687866211,
      "t+72h_km": 111.39224243164062
    }
  },
  "Bi-LSTM+Transformer": {
    "best_val": 0.7690982421239217,
    "n_epochs": 27,
    "time_min": 1.1081986506779988,
    "per_horizon": {
      "t+6h_km": 35.69993591308594,
      "t+12h_km": 46.73122024536133,
      "t+24h_km": 64.58818817138672,
      "t+48h_km": 90.90535736083984,
      "t+72h_km": 110.96129608154297
=======
    "best_val": 0.7937830686569214,
    "n_epochs": 26,
    "time_min": 3.473426902294159,
    "per_horizon": {
      "t+6h_km": 40.774810791015625,
      "t+12h_km": 50.30714797973633,
      "t+24h_km": 66.9991226196289,
      "t+48h_km": 90.7834701538086,
      "t+72h_km": 112.16485595703125
    }
  },
  "ST-MSRN": {
    "best_val": 0.7780388792355856,
    "n_epochs": 28,
    "time_min": 1.581004297733307,
    "per_horizon": {
      "t+6h_km": 37.20479965209961,
      "t+12h_km": 48.43227005004883,
      "t+24h_km": 63.03102493286133,
      "t+48h_km": 89.68067169189453,
      "t+72h_km": 114.0750503540039
    }
  },
  "DMLA-Net": {
    "best_val": 0.7702288826306661,
    "n_epochs": 27,
    "time_min": 1.1479950547218323,
    "per_horizon": {
      "t+6h_km": 38.011898040771484,
      "t+12h_km": 48.42264175415039,
      "t+24h_km": 64.01020812988281,
      "t+48h_km": 90.77881622314453,
      "t+72h_km": 113.5403060913086
    }
  },
  "Bi-LSTM+Transformer": {
    "best_val": 0.7470358610153198,
    "n_epochs": 27,
    "time_min": 1.5608064214388528,
    "per_horizon": {
      "t+6h_km": 37.30430221557617,
      "t+12h_km": 45.908599853515625,
      "t+24h_km": 62.94505310058594,
      "t+48h_km": 87.28736114501953,
      "t+72h_km": 112.12752532958984
>>>>>>> 2d61c4651887bc728de596d9caa263ebf228ab83
    }
  }
}